{
  "id": "edit005-ow05-urayasu",
  "note": "OW05 Urayasu strait two-mesh-ization at the DATA level (owner 2026-07-15: 'stay faithful to the coastline but convert some land to water and widen'). Mesh surgery was measured out (true strait 430 m = 1.2h; node moves collapse the coastal ring). rev 2: the first arc (901 m, mouth only) moved the flag to its western taper seam against the policy's own 637 m corridor -- the W10 lesson holds, an edit must span the WHOLE reach. This arc follows the policy branch arc across the full ~2 km reach plus the mouth, 700 m throughout; the policy then sees a wide-enough natural channel and leaves it alone.",
  "rev": 2,
  "arc": [[139.82452, 35.63041], [139.82542, 35.63094], [139.8264, 35.63137],
          [139.82746, 35.63168], [139.8286, 35.63179], [139.82973, 35.6319],
          [139.83086, 35.632], [139.832, 35.63211], [139.83313, 35.63222],
          [139.83427, 35.63232], [139.8352, 35.6320], [139.8395, 35.6314],
          [139.8440, 35.6303]],
  "width_m": 700.0,
  "min_gap_m": 150.0,
  "arc_on_land_tol_m": 400.0
}
