{
 "id": "W10-edit001",
 "rev": 5,
 "note": "Haneda D-runway pier passage, rev 5 (SAMPLE-FREE): OSM draws the pier-supported flow passage as land -- this manual edit corrects the DATA with a hand-drawn arc + OSM cross-section widths, widened to two standard rows like every kept waterway. arc_on_land_tol_m covers the measured pier stretch explicitly.",
 "arc": [
  [
   139.794735,
   35.526051
  ],
  [
   139.796484,
   35.524719
  ],
  [
   139.797924,
   35.524255
  ],
  [
   139.798806,
   35.525359
  ],
  [
   139.799721,
   35.526727
  ],
  [
   139.800667,
   35.528359
  ],
  [
   139.802099,
   35.527857
  ],
  [
   139.803734,
   35.525656
  ],
  [
   139.805336,
   35.523246
  ],
  [
   139.806545,
   35.522277
  ],
  [
   139.807537,
   35.522787
  ],
  [
   139.808551,
   35.523286
  ],
  [
   139.809743,
   35.523779
  ],
  [
   139.810936,
   35.524242
  ],
  [
   139.812129,
   35.524705
  ],
  [
   139.81332,
   35.525212
  ]
 ],
 "widths_m": [
  643.7,
  1006.9,
  1006.9,
  1006.9,
  749.9,
  609.0,
  609.0,
  609.0,
  609.0,
  609.0,
  609.0,
  614.9,
  718.5,
  795.5,
  881.1,
  984.7
 ],
 "min_gap_m": 150.0,
 "arc_on_land_tol_m": 729
}